{
  "count_with_metrics": 7359,
  "avg_mean_acceptance_length": 1.4074963840182326,
  "avg_estimated_speedup": 1.4074963840182326
}